2026-02-22,THE CORRESPONDENT,Virginia Evans,1,Letters from someone she used to know push Sybil Van Antwerp toward revisiting her past and finding a way to forgive.
2026-02-22,OPERATION BOUNCE HOUSE,Matt Dinniman,2,"A colonist named Oliver must defend his planet, New Sonora, against war machines from Earth operated by gamers who paid for the privilege."
2026-02-22,CROSS & SAMPSON,James Patterson and Brian Sitts,3,The 35th book in the Alex Cross series. Detectives Sampson and Cross track crimes over long distances.
2026-02-22,THE NIGHT PRINCE,Lauren Palphreyman,4,The second book in the Wolf King series. The Kingdom of Wolves and the Kingdom of Men both come under threat.
2026-02-22,THRONE OF NIGHTMARES,Kerri Maniscalco,5,The third book in the Prince of Sin series. Lore Brimstone lives out one of her favorite novels alongside Prince Sloth.
2026-02-22,ALCHEMISED,SenLinYu,6,"After the war, an imprisoned alchemist is sent to a necromancer to recover her lost memories."
2026-02-22,COLD ZERO,Brad Thor with Ward Larsen,7,"After a jetliner crash in the North Pole, a C.I.A. operative and a pilot must keep a new piece of technology out of the hands of competing superpowers."
2026-02-22,WRETCHED,Emily McIntire,8,"The third book in the Never After series. After having a one-night stand, Evelina and Nicholas find themselves on opposite sides of a drug war."
2026-02-22,IT'S NOT HER,Mary Kubica,9,Courtney Gray’s vacation is interrupted by two murders and a disappearance of relatives that bring up secrets involving her family and the town.
2026-02-22,HALF HIS AGE,Jennette McCurdy,10,A 17-year-old named Waldo has an inexplicable attraction to her creative writing teacher.
2026-02-22,CARL'S DOOMSDAY SCENARIO,Matt Dinniman,11,"The second book in the ""Dungeon Crawler Carl"" series. Carl and Donut confront an ancient spell and heightened dangers."
2026-02-22,MY HUSBAND'S WIFE,Alice Feeney,12,"In an old house in a seaside town, things may not be what they appear to be."
2026-02-22,THE WIDOW,John Grisham,13,"When Simon Latch, a lawyer in rural Virginia, is accused of murder, he goes in search of the real killer."
2026-02-22,THE DUNGEON ANARCHIST'S COOKBOOK,Matt Dinniman,14,The third book in the Dungeon Crawler Carl series. Carl and Donut are up against a subway system filled with monsters.
2026-02-22,VIGIL,George Saunders,15,"In the waning hours of an oil company chief executive’s life, worldly and otherworldly visitors put his time on Earth in perspective."
2026-02-23,THE CORRESPONDENT,Virginia Evans,1,Letters from someone she used to know push Sybil Van Antwerp toward revisiting her past and finding a way to forgive.
2026-02-23,OPERATION BOUNCE HOUSE,Matt Dinniman,2,"A colonist named Oliver must defend his planet, New Sonora, against war machines from Earth operated by gamers who paid for the privilege."
2026-02-23,CROSS & SAMPSON,James Patterson and Brian Sitts,3,The 35th book in the Alex Cross series. Detectives Sampson and Cross track crimes over long distances.
2026-02-23,THE NIGHT PRINCE,Lauren Palphreyman,4,The second book in the Wolf King series. The Kingdom of Wolves and the Kingdom of Men both come under threat.
2026-02-23,THRONE OF NIGHTMARES,Kerri Maniscalco,5,The third book in the Prince of Sin series. Lore Brimstone lives out one of her favorite novels alongside Prince Sloth.
2026-02-23,ALCHEMISED,SenLinYu,6,"After the war, an imprisoned alchemist is sent to a necromancer to recover her lost memories."
2026-02-23,COLD ZERO,Brad Thor with Ward Larsen,7,"After a jetliner crash in the North Pole, a C.I.A. operative and a pilot must keep a new piece of technology out of the hands of competing superpowers."
2026-02-23,WRETCHED,Emily McIntire,8,"The third book in the Never After series. After having a one-night stand, Evelina and Nicholas find themselves on opposite sides of a drug war."
2026-02-23,IT'S NOT HER,Mary Kubica,9,Courtney Gray’s vacation is interrupted by two murders and a disappearance of relatives that bring up secrets involving her family and the town.
2026-02-23,HALF HIS AGE,Jennette McCurdy,10,A 17-year-old named Waldo has an inexplicable attraction to her creative writing teacher.
2026-02-23,CARL'S DOOMSDAY SCENARIO,Matt Dinniman,11,"The second book in the ""Dungeon Crawler Carl"" series. Carl and Donut confront an ancient spell and heightened dangers."
2026-02-23,MY HUSBAND'S WIFE,Alice Feeney,12,"In an old house in a seaside town, things may not be what they appear to be."
2026-02-23,THE WIDOW,John Grisham,13,"When Simon Latch, a lawyer in rural Virginia, is accused of murder, he goes in search of the real killer."
2026-02-23,THE DUNGEON ANARCHIST'S COOKBOOK,Matt Dinniman,14,The third book in the Dungeon Crawler Carl series. Carl and Donut are up against a subway system filled with monsters.
2026-02-23,VIGIL,George Saunders,15,"In the waning hours of an oil company chief executive’s life, worldly and otherworldly visitors put his time on Earth in perspective."
2026-02-24,THE CORRESPONDENT,Virginia Evans,1,Letters from someone she used to know push Sybil Van Antwerp toward revisiting her past and finding a way to forgive.
2026-02-24,OPERATION BOUNCE HOUSE,Matt Dinniman,2,"A colonist named Oliver must defend his planet, New Sonora, against war machines from Earth operated by gamers who paid for the privilege."
2026-02-24,CROSS & SAMPSON,James Patterson and Brian Sitts,3,The 35th book in the Alex Cross series. Detectives Sampson and Cross track crimes over long distances.
2026-02-24,THE NIGHT PRINCE,Lauren Palphreyman,4,The second book in the Wolf King series. The Kingdom of Wolves and the Kingdom of Men both come under threat.
2026-02-24,THRONE OF NIGHTMARES,Kerri Maniscalco,5,The third book in the Prince of Sin series. Lore Brimstone lives out one of her favorite novels alongside Prince Sloth.
2026-02-24,ALCHEMISED,SenLinYu,6,"After the war, an imprisoned alchemist is sent to a necromancer to recover her lost memories."
2026-02-24,COLD ZERO,Brad Thor with Ward Larsen,7,"After a jetliner crash in the North Pole, a C.I.A. operative and a pilot must keep a new piece of technology out of the hands of competing superpowers."
2026-02-24,WRETCHED,Emily McIntire,8,"The third book in the Never After series. After having a one-night stand, Evelina and Nicholas find themselves on opposite sides of a drug war."
2026-02-24,IT'S NOT HER,Mary Kubica,9,Courtney Gray’s vacation is interrupted by two murders and a disappearance of relatives that bring up secrets involving her family and the town.
2026-02-24,HALF HIS AGE,Jennette McCurdy,10,A 17-year-old named Waldo has an inexplicable attraction to her creative writing teacher.
2026-02-24,CARL'S DOOMSDAY SCENARIO,Matt Dinniman,11,"The second book in the ""Dungeon Crawler Carl"" series. Carl and Donut confront an ancient spell and heightened dangers."
2026-02-24,MY HUSBAND'S WIFE,Alice Feeney,12,"In an old house in a seaside town, things may not be what they appear to be."
2026-02-24,THE WIDOW,John Grisham,13,"When Simon Latch, a lawyer in rural Virginia, is accused of murder, he goes in search of the real killer."
2026-02-24,THE DUNGEON ANARCHIST'S COOKBOOK,Matt Dinniman,14,The third book in the Dungeon Crawler Carl series. Carl and Donut are up against a subway system filled with monsters.
2026-02-24,VIGIL,George Saunders,15,"In the waning hours of an oil company chief executive’s life, worldly and otherworldly visitors put his time on Earth in perspective."
